INSERT INTO sender (ID, NAME)
VALUES (1, 'Кристофер Нолан'),
	   (2, 'Ли Анкрич'),
	   (3, 'Дэмьен Шазелл'),
	   (4, 'Гай Ричи'),
	   (5, 'Дэмьен Шазелл'),
	   (6, 'Питер Фаррелли'),
	   (7, 'Мартин Скорсезе'),
	   (8, 'Квентин Тарантино'),
	   (9, 'Питер Джексон'),
	   (10, 'Пит Доктер'),
	   (11, 'Дэвид Йейтс'),
	   (12, 'Байрон Ховард'),
	   (13, 'Мэл Гибсон'),
	   (14, 'Джеймс Мэнголд'),
	   (15, 'Энтони Руссо'),
	   (16, 'Томм Мур'),
	   (17, 'Том Хупер'),
	   (18, 'Джеймс Ганн'),
	   (19, 'Боб Персичетти'),
	   (20, 'Жан-Марк Валле'),
	   (21, 'Тейт Тейлор'),
	   (22, 'Ханнес Холм'),
	   (23, 'Райан Джонсон'),
	   (24, 'Джозеф Косински'),
	   (25, 'Дэвид Добкин'),
	   (26, 'Дэвид Финчер');

INSERT INTO employee (ID, POSITION, NAME, LOGIN, PASSWORD)
VALUES (1, 'Системный-администратор', 'Мэттью МакКонахи', 'CoolDude123','qwerty1234567890'),
	   (2, 'Программист', 'Энн Хэтэуэй', 'FireDragon22', 'qwerty1234567890'),
	   (3, 'Инженер-по-тестированию ПО', 'Джессика Честейн', 'CoffeeLover88', 'qwerty1234567890'),
	   (4, 'Дизайнер-пользовательских-интерфейсов', 'Энтони Гонсалес', 'StarGazer67', 'qwerty1234567890'),
	   (5,'Аналитик-данных', 'Гаэль Гарсиа Берналь', 'Moonlighter99', 'qwerty1234567890'),
	   (6, 'Веб-разработчик', 'Бенджамин Брэтт', 'LuckyCharm76', 'qwerty1234567890'),
	   (7, 'Веб-разработчик', 'Леонардо ДиКаприо', 'TechNinja45', 'qwerty1234567890'),
	   (8, 'Веб-разработчик','Джозеф Гордон-Левитт', 'OceanExplorer34', 'qwerty1234567890'),
	   (9, 'Веб-разработчик', 'Эллиот Пейдж', 'MountainHiker62', 'qwerty1234567890'),
	   (10, 'Веб-разработчик', 'Том Харди', 'JazzMaster85', 'qwerty1234567890'),
	   (11, 'Веб-разработчик', 'Франсуа Клюзе', 'SunnySideUp73', 'qwerty1234567890'),
	   (12, 'Веб-разработчик', 'Омар Си', 'SunnySideUp73', 'qwerty1234567890'),
	   (13, 'Веб-разработчик','Чарли Ханнэм', 'AdventureSeeker57', 'qwerty1234567890'),
	   (14, 'Веб-разработчик','Генри Голдинг', 'AdventureSeeker57', 'qwerty1234567890'),
	   (15, 'Директор','Майлз Теллер', 'GalaxyQuest88', 'qwerty1234567890'),
	   (16, 'Директор','Дж.К. Симмонс', 'SpeedyCheetah26', 'qwerty1234567890'),
	   (17,'Директор', 'Вигго Мортенсен', 'RockStar123', 'qwerty1234567890'),
	   (18, 'Директор','Махершала Али', 'MysterySolver55', 'qwerty1234567890'),
	   (19,'Директор', 'Джона Хилл', 'ElectricDreamer77', 'qwerty1234567890'),
	   (20,'Директор', 'Марго Робби', 'WeekendWarrior64', 'qwerty1234567890'),
	   (21, 'QA-инженер','Джейми Фокс', 'NatureEnthusiast80', 'qwerty1234567890'),
	   (22, 'QA-инженер','Кристоф Вальц', 'SnowboardPro47', 'qwerty1234567890'),
	   (23, 'QA-инженер','Мартин Фриман', 'DigitalNomad38', 'qwerty1234567890'),
	   (24, 'QA-инженер','Иэн Маккеллен', 'LemonadeStand91', 'qwerty1234567890'),
	   (25, 'QA-инженер','Ричард Армитедж', 'SpaceExplorer60', 'qwerty1234567890'),
	   (26, 'QA-инженер','Курт Рассел', 'GourmetGuru70', 'qwerty1234567890'),
	   (27, 'QA-инженер','Сэмюэл Л. Джексон', 'YogaNinja44', 'qwerty1234567890'),
	   (28, 'Администратор-баз-данных','Тим Рот', 'MusicMaestro83', 'qwerty1234567890'),
	   (29, 'Администратор-баз-данных','Эми Полер', 'HappyGoLucky52', 'qwerty1234567890'),
	   (30, 'Администратор-баз-данных','Филлис Смит', 'UrbanJungle69', 'qwerty1234567890'),
	   (31, 'Администратор-баз-данных','Дэниэл Рэдклифф', 'MovieBuffster49', 'qwerty1234567890'),
	   (32, 'Администратор','Руперт Гринт', 'FitnessFreak101', 'qwerty1234567890'),
	   (33, 'Инженер-по-развертыванию','Эмма Уотсон', 'SkaterDude77', 'qwerty1234567890'),
	   (34, 'Инженер-по-развертыванию','Джиннифер Гудвин', 'Wanderlust1010', 'qwerty1234567890'),
	   (35, 'Инженер-по-развертыванию','Джейсон Бейтман', 'PaintbrushPro22', 'qwerty1234567890'),
	   (36, 'Архитектор-ПО','Эндрю Гарфилд', 'DreamCatcher88', 'qwerty1234567890'),
	   (37, 'Сетевой-инженер','Сэм Уортингтон', 'RainbowChaser59', 'qwerty1234567890'),
	   (38, 'Администратор','Кристиан Бэйл', 'GoldenGlobetrotter40', 'qwerty1234567890'),
	   (39, 'Сетевой-инженер','Мэтт Дэймон', 'QuantumPhysicsGeek72', 'qwerty1234567890'),
	   (40, 'Сетевой-инженер','Роберт Дауни мл.', 'TravelBug90', 'qwerty1234567890'),
	   (41, 'Администратор','Крис Хемсворт', 'ScienceWhiz76', 'qwerty1234567890'),
	   (42, 'Дизайнер','Марк Руффало', 'ThrillSeeker81', 'qwerty1234567890'),
	   (43, 'Дизайнер','Дэвид Роул', 'StorytellerUnicorn33', 'qwerty1234567890'),
	   (44, 'Уборщик','Брендан Глисон', 'PuzzlesAndRiddles55', 'qwerty1234567890'),
	   (45, 'Full-stack','Колин Фёрт', 'SportsFanatic100', 'qwerty1234567890'),
	   (46, 'Уборщик','Джеффри Раш', 'BookwormLover27', 'qwerty1234567890'),
	   (47, 'Уборщик','Крис Пратт', 'GuitarHero4Ever', 'qwerty1234567890'),
	   (48, 'Разработчик-мобильных-приложений','Зои Салдана', 'FoodieAdventurer39', 'qwerty1234567890'),
	   (49, 'Full-stack','Дэйв Батиста', 'SnowflakeWhisperer66', 'qwerty1234567890'),
	   (50, 'Разработчик-мобильных-приложений','Брэдли Купер', 'EarthWarriorPlanet21', 'qwerty1234567890'),
	   (51, 'Разработчик-мобильных-приложений','Шамеик Мур', 'ClashOfTheTitans78', 'qwerty1234567890'),
	   (52, 'Уборщик','Джейк Джонсон', 'WordSmith45', 'qwerty1234567890'),
	   (53, 'Уборщик','Дженнифер Гарнер', 'SummertimeSpecialist87', 'qwerty1234567890'),
	   (54, 'Full-stack', 'Эмма Стоун', 'StarlightSailor99', 'qwerty1234567890'),
	   (55, 'Full-stack','Виола Дэвис', 'AnimalLoverSafari38', 'qwerty1234567890'),
	   (56, 'Full-stack','Рольф Лассгор', 'DancingDivaQueen71', 'qwerty1234567890'),
	   (57, 'Full-stack','Бахар Парс', 'SleepyheadCoffee98', 'qwerty1234567890'),
	   (58, 'Уборщик','Дэниэл Крэйг', 'MagicTheGathering88', 'qwerty1234567890'),
	   (59, 'Веб-разработчик','Ана де Армас', 'GreenThumbGardener63', 'qwerty1234567890'),
	   (60, 'Веб-разработчик','Крис Эванс', 'FashionableAdventurer27', 'qwerty1234567890'),
	   (61, 'Full-stack','Джош Бролин', 'BlueDragon74', 'qwerty1234567890'),
	   (62, 'Full-stack','Майлз Теллер', 'SparkleFrog21', 'qwerty1234567890'),
	   (63, 'Full-stack','Роберт Дювалл', 'TigerLily89', 'qwerty1234567890'),
	   (64, 'Администратор','Бен Аффлек', 'CosmicRaven33', 'qwerty1234567890'),
	   (65, 'Администратор','Розамунд Пайк', 'SilverWolf66', 'qwerty1234567890'),
	   (66, 'Full-stack','Нил Патрик Харрис', 'MidnightOwl47', 'qwerty1234567890');

INSERT INTO message(ID, TITLE, DESCRIPTION)
VALUES (1, 'Возьмите на работу пж', 'Lorem ipsum dolor sit amet, consectetur adipisicing elit. Odio nemo laboriosam tempora accusamus est, quas sapiente. Harum sint, beatae impedit inventore officiis nobis sunt quaerat iste minima, repudiandae dolore aspernatur eum delectus ullam magni sit dolores esse, dolor praesentium. Doloremque aspernatur vel ipsum eveniet. Modi rerum amet pariatur dolorem! Sint ab distinctio corporis facere sunt, repellendus, nemo beatae, assumenda quae sit maxime officiis dolor voluptates eius hic dolorum reprehenderit debitis modi aspernatur eos alias laborum nostrum quo amet! Rerum, excepturi!'),
	   (2, 'Я быстро учусь',  'Lorem ipsum dolor sit amet, consectetur adipisicing elit. Odio nemo laboriosam tempora accusamus est, quas sapiente. Harum sint, beatae impedit inventore officiis nobis sunt quaerat iste minima, repudiandae dolore aspernatur eum delectus ullam magni sit dolores esse, dolor praesentium. Doloremque aspernatur vel ipsum eveniet. Modi rerum amet pariatur dolorem! Sint ab distinctio corporis facere sunt, repellendus, nemo beatae, assumenda quae sit maxime officiis dolor voluptates eius hic dolorum reprehenderit debitis modi aspernatur eos alias laborum nostrum quo amet! Rerum, excepturi!'),
	   (3, 'Сказала бы, что даже очень быстро',  'Lorem ipsum dolor sit amet, consectetur adipisicing elit. Modi rerum amet pariatur dolorem! Sint ab distinctio corporis facere sunt, repellendus, nemo beatae, assumenda quae sit maxime officiis dolor voluptates eius hic dolorum reprehenderit debitis modi aspernatur eos alias laborum nostrum quo amet! Rerum, excepturi!'),
	   (4, 'Вот такой вот я скорострел',  'Lorem ipsum dolor sit amet, consectetur adipisicing elit. Doloremque aspernatur vel ipsum eveniet. Modi rerum amet pariatur dolorem! Sint ab distinctio corporis facere sunt, repellendus, nemo beatae, assumenda quae sit maxime officiis dolor voluptates eius hic dolorum reprehenderit debitis modi aspernatur eos alias laborum nostrum quo amet! Rerum, excepturi!'),
	   (5, 'Будум-тсс',  'Lorem ipsum dolor sit amet, consectetur adipisicing elit. Odio nemo laboriosam tempora accusamus est, quas sapiente. Harum sint, beatae impedit inventore officiis nobis sunt quaerat iste minima, repudiandae dolore aspernatur eum delectus ullam magni sit dolores esse, dolor praesentium. Doloremque aspernatur vel ipsum eveniet.'),
	   (6, 'Ну про что вам еще рассказать',   'Lorem ipsum dolor sit amet, consectetur adipisicing elit. Odio nemo laboriosam tempora accusamus est, quas sapiente. Harum sint, beatae impedit inventore officiis nobis sunt quaerat iste minima, repudiandae dolore aspernatur eum delectus ullam magni sit dolores esse, dolor praesentium. Doloremque aspernatur vel ipsum eveniet. Modi rerum amet pariatur dolorem! Sint ab distinctio corporis facere sunt, repellendus, nemo beatae, assumenda quae sit maxime officiis dolor voluptates eius hic dolorum reprehenderit debitis modi aspernatur eos alias laborum nostrum quo amet! Rerum, excepturi!'),
	   (7, 'Точнее, что писать в заголовках',   'Lorem ipsum dolor sit amet, consectetur adipisicing elit. Odio nemo laboriosam tempora accusamus est, quas sapiente. Harum sint'),
	   (8, 'Шучу я так себе',  'Lorem ipsum dolor sit amet, consectetur adipisicing elit. Odio nemo laboriosam tempora accusamus est, quas sapiente. Harum sint'),
	   (9, 'Тем более сейчас 2 часа ночи, голова не соображает',  'Эксцентричный охотник за головами, также известный как Дантист, промышляет отстрелом самых опасных преступников. Работенка пыльная, и без надежного помощника ему не обойтись. Но как найти такого и желательно не очень дорогого? Освобождённый им раб по имени Джанго – прекрасная кандидатура. Правда, у нового помощника свои мотивы – кое с чем надо сперва разобраться.'),
	   (10, 'Поэтому все остальные сообщения будут отображаться одинаковыми',  'Хоббит Бильбо Бэггинс пускается в грандиозный поход, целью которого является отвоевание утраченного королевства гномов Эребор у дракона Смауга. Совершенно неожиданно с хоббитом налаживает контакт волшебник Гэндальф Серый. Так Бильбо находит себя и присоединяется к компании тринадцати гномов, возглавляемых легендарным воином Торином Дубощитом. Их путешествие пройдёт через Дикий Край, предательские земли, населенные гоблинами и орками, смертоносными варгами, гигантскими пауками, меняющим шкуры народом и волшебниками.'),
	   (11, 'Спасибо за внимание', 'Добро пожаловать в Зверополис – современный город, населенный самыми разными животными, от огромных слонов до крошечных мышек. Зверополис разделен на районы, полностью повторяющие естественную среду обитания разных жителей – здесь есть и элитный район Площадь Сахары и неприветливый Тундратаун. В этом городе появляется новый офицер полиции, жизнерадостная зайчиха Джуди Хоппс.'),
	   (12, 'Хорошего вам дня', 'Добро пожаловать в Зверополис – современный город, населенный самыми разными животными, от огромных слонов до крошечных мышек. Зверополис разделен на районы, полностью повторяющие естественную среду обитания разных жителей.'),
	   (13, 'Побольше улыбок', 'Lorem ipsum dolor sit amet, consectetur adipisicing elit. Odio nemo laboriosam tempora accusamus est, quas sapiente. Harum sint, beatae impedit inventore officiis nobis sunt quaerat iste.'),
	   (14, 'Поменьше багов', 'Добро пожаловать в Зверополис – современный город, населенный самыми разными животными, от огромных слонов до крошечных мышек. Зверополис разделен на районы, полностью повторяющие естественную среду обитания разных жителей – здесь есть и элитный район Площадь Сахары и неприветливый Тундратаун. В этом городе появляется новый офицер полиции, жизнерадостная зайчиха Джуди Хоппс, которая с первых дней работы понимает, как сложно быть маленькой и пушистой среди больших и сильных полицейских. Джуди хватается за первую же возможность проявить себя, несмотря на то, что ее партнером будет болтливый хитрый лис Ник Уайлд.'),
	   (15, 'Начинаем работать с Битрикс!', 'Добро пожаловать в Зверополис – современный город, населенный самыми разными животными, от огромных слонов до крошечных мышек. Зверополис разделен на районы, полностью повторяющие естественную среду обитания разных жителей – здесь есть и элитный район Площадь Сахары и неприветливый Тундратаун. В этом городе появляется новый офицер полиции, жизнерадостная зайчиха Джуди Хоппс, которая с первых дней работы понимает, как сложно быть маленькой и пушистой среди больших и сильных полицейских. Джуди хватается за первую же возможность проявить себя, несмотря на то, что ее партнером будет болтливый хитрый лис Ник Уайлд. '),
	   (16, 'Начинаем работать с Битрикс!',  'Добро пожаловать в Зверополис – современный город, населенный самыми разными животными, от огромных слонов до крошечных мышек.'),
	   (17, 'Начинаем работать с Битрикс!', 'Пока Мстители и их союзники продолжают защищать мир от различных опасностей, с которыми не смог бы справиться один супергерой, новая угроза возникает из космоса: Танос. Межгалактический тиран преследует цель собрать все шесть Камней Бесконечности - артефакты невероятной силы, с помощью которых можно менять реальность по своему желанию.'),
	   (18, 'Начинаем работать с Битрикс!', 'Пока Мстители и их союзники продолжают защищать мир от различных опасностей, с которыми не смог бы справиться один супергерой, новая угроза возникает из космоса: Танос. Межгалактический тиран преследует цель собрать все шесть Камней Бесконечности - артефакты невероятной силы, с помощью которых можно менять реальность по своему желанию.'),
	   (19, 'Начинаем работать с Битрикс!', 'Добро пожаловать в Зверополис – современный город, населенный самыми разными животными, от огромных слонов до крошечных мышек.'),
	   (20, 'Начинаем работать с Битрикс!','Добро пожаловать в Зверополис – современный город, населенный самыми разными животными, от огромных слонов до крошечных мышек.'),
	   (21, 'Начинаем работать с Битрикс!', 'Добро пожаловать в Зверополис – современный город, населенный самыми разными животными, от огромных слонов до крошечных мышек.'),
	   (22, 'Начинаем работать с Битрикс!', 'Мы всё знаем о Питере Паркере. Почему человек-паук всегда хорошо справляется с уборкой? Потому что у него везде есть липкие лапы, а значит, никакая грязь не ускользнет от него!'),
	   (23, 'Начинаем работать с Битрикс!','Добро пожаловать в Зверополис – современный город, населенный самыми разными животными, от огромных слонов до крошечных мышек.'),
	   (24, 'Далласский клуб покупателей', 'Добро пожаловать в Зверополис – современный город, населенный самыми разными животными, от огромных слонов до крошечных мышек.'),
	   (25, 'Начинаем работать с Битрикс!', 'Добро пожаловать в Зверополис – современный город, населенный самыми разными животными, от огромных слонов до крошечных мышек.'),
	   (26, 'Начинаем работать с Битрикс!', 'Добро пожаловать в Зверополис – современный город, населенный самыми разными животными, от огромных слонов до крошечных мышек.'),
	   (27, 'Начинаем работать с Битрикс!', 'Добро пожаловать в Зверополис – современный город, населенный самыми разными животными, от огромных слонов до крошечных мышек.'),
	   (28, 'Начинаем работать с Битрикс!', 'Добро пожаловать в Зверополис – современный город, населенный самыми разными животными, от огромных слонов до крошечных мышек.'),
	   (29, 'Начинаем работать с Битрикс!', 'Lorem ipsum dolor sit amet, consectetur adipisicing elit. Odio nemo laboriosam tempora accusamus est, quas sapiente. Harum sint, beatae impedit inventore officiis nobis sunt quaerat iste.'),
	   (30, 'Начинаем работать с Битрикс!', 'Lorem ipsum dolor sit amet, consectetur adipisicing elit. Odio nemo laboriosam tempora accusamus est, quas sapiente. Harum sint, beatae impedit inventore officiis nobis sunt quaerat iste minima, repudiandae dolore aspernatur eum delectus ullam magni sit dolores esse, dolor praesentium. Doloremque aspernatur vel ipsum eveniet. Modi rerum amet pariatur dolorem! Sint ab distinctio corporis facere sunt, repellendus, nemo beatae, assumenda quae sit maxime officiis dolor voluptates eius hic dolorum reprehenderit debitis modi aspernatur eos alias laborum nostrum quo amet! Rerum, excepturi!.') ;

INSERT INTO message_employee (MESSAGE_ID, EMPLOYEE_ID)
VALUES (1, 1), (1, 2), (1, 3),
	   (2, 4), (2, 5), (2, 6),
	   (3, 7), (3, 8), (3, 9), (3, 10),
	   (4, 11), (4, 12),
	   (5, 1), (5, 13), (5, 14),
	   (6, 15), (6, 16),
	   (7, 17), (7, 18),
	   (8, 7), (8, 19), (8, 20),
	   (9, 21), (9, 22), (9, 7),
	   (10, 23), (10, 24), (10, 25),
	   (11, 26), (11, 27), (11, 28),
	   (12, 29), (12, 30),
	   (13, 31), (13, 32), (13, 33),
	   (14, 34), (14, 35),
	   (15, 36), (15, 37),
	   (16, 38), (16, 39),
	   (17, 40), (17, 41), (17, 42),
	   (18, 43), (18, 44),
	   (19, 23), (19, 24), (19, 25),
	   (20, 45), (20, 46),
	   (21, 47), (21, 48), (21, 49), (21, 50),
	   (22, 51), (22, 52),
	   (23, 23), (23, 24), (23, 25),
	   (24, 1), (24, 53),
	   (25, 54), (25, 55),
	   (26, 56), (26, 57),
	   (27, 58), (27, 59), (27, 60),
	   (28, 61), (28, 62),
	   (29, 40), (29, 63),
	   (30, 64), (30, 65), (30, 66);

INSERT INTO positions (ID, CODE, NAME)
VALUES (1, 'sci-fi', 'Системный-администратор'),
	   (2, 'drama', 'Программис'),
	   (3, 'adventure', 'Инженер-по-тестированию ПО'),
	   (4, 'animation', 'Дизайнер-пользовательских-интерфейсов'),
	   (5, 'fantasy', 'Аналитик-данных'),
	   (6, 'family', 'Директор'),
	   (7, 'action', 'Веб-разработчик'),
	   (8, 'thriller', 'Администратор-баз-данных'),
	   (9, 'comedy', 'QA-инженер'),
	   (10, 'music', 'Инженер-по-развертыванию'),
	   (11, 'biography', 'Архитектор ПО'),
	   (12, 'western', 'Сетевой-инженер'),
	   (13, 'war', 'Разработчик-мобильных-приложений'),
	   (14, 'sport', 'Уборщик'),
	   (15, 'history', 'Full-stack');

INSERT INTO message_position(MESSAGE_ID, POSITIONS_ID)
VALUES (1, 1), (1, 2), (1, 3),
	   (2, 4), (2, 5), (2, 3), (2, 6), (2, 10),
	   (3, 1), (3, 7), (3, 2),
	   (4, 2), (4, 9),
	   (5, 9), (5, 7),
	   (6, 2), (6, 10),
	   (7, 9), (7, 2),
	   (8, 2), (8, 11), (8, 9),
	   (9, 12), (9, 7), (9, 2), (9, 9),
	   (10, 5), (10, 3), (10, 7),
	   (11, 12), (11, 8), (11, 2),
	   (12, 4), (12, 6), (12, 9),
	   (13, 5), (13, 2), (13, 3),
	   (14, 4), (14, 9), (14, 6),
	   (15, 2), (15, 13), (15, 11),
	   (16, 11), (16, 14), (16, 2),
	   (17, 1), (17, 7), (17, 3),
	   (18, 4), (18, 2), (18, 3), (18, 6),
	   (19, 5), (19, 3),
	   (20, 2), (20, 11), (20, 15),
	   (21, 1), (21, 7), (21, 3),
	   (22, 4), (22, 1), (22, 7),
	   (23, 5), (23, 3),
	   (24, 2), (24, 11),
	   (25, 2),
	   (26, 2), (26, 9),
	   (27, 9), (27, 2),
	   (28, 7), (28, 2), (28, 11),
	   (29, 2),
	   (30, 8), (30, 2);

INSERT INTO comments(id, title) VALUES (1, 'HAHAHAHA');